round,slice,frame,object_ref,cell,what,why,severity,owner,rule_id,evidence,action,rules_version,note
calib,C0,adasind_019560.jpg,L4,LM_noR,SPURIOUS,E0_reference_defect,P1,qa,R01,"Xe đạp dựng trước e-rickshaw đỏ, L4=(326,781,360,842) cao ~61 px, bánh và khung thấy rõ; model cũng có Bike M6 (328,778,390,850). R không có box Bike riêng; box R5 ThreeWheeler (327,721,457,849) rộng sang cả vùng xe đạp.",keep_with_reason,v1.0.0,Theo R01 vật trong phạm vi cao ≥40 px phải có box; tôi giữ L4 và ghi nghi ngờ reference gộp xe đạp vào box ThreeWheeler. Cần người soát thứ hai xác nhận.
calib,C0,adasind_019560.jpg,L7,L_only,SPURIOUS,E5_unresolved,P2,qa,R01,"L7=(595,785,628,835): đuôi xe máy dựng trong sạp hàng, phía sau người đi xe đạp áo vàng; phần thấy được cao ~50 px, bị che phần lớn. R và M đều không có box.",keep_with_reason,v1.0.0,Chưa chắc phần nhìn thấy đủ để đọc là một xe hai bánh hay nên coi là unreadable; cần hỏi người soát. Không đổi bản C0 đã khóa.
calib,C0,adasind_019560.jpg,L3+R5,LR_noM,BOX_GEOMETRY,E5_unresolved,P2,qa,R02,"L3 ThreeWheeler (351,729,425,846) bám mái và thân e-rickshaw đỏ; R5 (327,721,457,849) rộng hơn ~56 px sang trái (xe đạp) và phải (khung tre). IoU≈0.52 nên compare vẫn tính matched. Model không có box ThreeWheeler ở đây.",keep_with_reason,v1.0.0,R02: box bám phần nhìn thấy; tôi không kéo box sang xe đạp và khung tre vì không thuộc xe. Khác biệt này làm IoU sát ngưỡng 0.5.
r2_qa,B1-edge,adasind_001320.jpg,L4,L_only,SPURIOUS,,P2,,R01,"Mảnh xe trắng (221,838,240,884) cao 46 px nhưng rộng 19 px, giữa e-rickshaw đỏ và tuk-tuk L3; qa_overlay.html frame 001320.",,v1.0.0,Cold review cá nhân: có thể ngoài phạm vi đọc được.
r2_qa,B1-edge,adasind_014670.jpg,L5,L_only,WRONG_CLASS,,P1,,R04,"Xe vàng chạm biên trái (0,925,70,1095), bánh nhỏ y≈1015–1076, chữ tím trên hông; class ThreeWheeler chưa chắc.",,v1.0.0,Cold review cá nhân.
r2_qa,B1-edge,adasind_034080.jpg,L1,L_only,WRONG_CLASS,,P1,,R04,"Vật tối (98,1036,141,1115) đã đổi Car→ThreeWheeler lúc tự soát dựa trên một đèn tròn ở giữa; bị che phần lớn.",,v1.0.0,Cold review cá nhân.
r2_qa,B1-edge,adasind_034080.jpg,L4,L_only,WRONG_CLASS,,P1,,R03,"Người áo trắng (132,1015,182,1112) box Bike occluded nhưng không thấy bánh/yên xe; có thể là Pedestrian.",,v1.0.0,Cold review cá nhân: R03 không nói ca xe của rider bị che hết.
r2_qa,B1-edge,adasind_034080.jpg,L3,L_only,BOX_GEOMETRY,,P2,,R02,"Cạnh dưới Bike (117,996,275,1246) nằm trong vùng làm mờ ≈1150–1258; điểm chạm đất không đọc được.",,v1.0.0,Cold review cá nhân.
r2_qa,B1-edge,adasind_034080.jpg,L8,L_only,SPURIOUS,,P2,,R01,"ThreeWheeler occluded (259,1055,299,1097) cao 42 px sát ngưỡng H, class không chắc (auto hay xe máy chở người).",,v1.0.0,Cold review cá nhân.
r1_craft,B1-edge,adasind_001320.jpg,L4,na,SPURIOUS,E2_guideline_gap,P1,guideline,R01,"L4 Car (221,838,240,884) cao 46 px, rộng 19 px — chỉ thấy mảnh cửa kính xe trắng giữa e-rickshaw đỏ và tuk-tuk; R và M không có box.",escalate,v1.0.0,Cùng ca với QA r2_qa L4; xem ticket 1 trong 30_escalation_ticket.md.
r1_craft,B1-edge,adasind_014670.jpg,L1,na,SPURIOUS,E0_reference_defect,P1,qa,R01,"L1 ThreeWheeler (359,952,397,999) cao 47 px, đuôi auto đen–vàng đọc rõ giữa đường; model cũng có box M7 (359,953,398,1002) cùng vị trí (gọi Truck). R không có box.",keep_with_reason,v1.0.0,"R01: vật trong vùng hợp lệ cao ≥40 px phải có box; giữ nhãn, báo reference thiếu."
r1_craft,B1-edge,adasind_014670.jpg,L5+R5,na,WRONG_CLASS,E1_annotator_error,P1,annotator,R04,"Xe bên trái bị khung cắt: phần trên (y≈845–935) là thành thùng xám có nan ngang của xe tải, thân vàng bên dưới; tôi chỉ box phần thân vàng (0,925,70,1095) và gọi ThreeWheeler. R5 Truck (0,845,70,1100).",rework,v1.0.0,"QA r2_qa L5 đã nghi class; sau khi mở R và phóng to ảnh, đổi thành Truck và kéo box lên y≈845 ở rework."
r1_craft,B1-edge,adasind_034080.jpg,L1,na,SPURIOUS,E5_unresolved,P2,qa,R04,"L1 ThreeWheeler occluded (98,1036,141,1115) sau xe trắng L2, bị xe máy L3 che phần lớn; một đèn tròn ở giữa đầu xe. R và M không có box.",keep_with_reason,v1.0.0,"Chưa đủ bằng chứng: cần người soát thứ hai xem vật tối này là auto, ô tô hay phần xe khác; không xóa để tránh sửa theo reference."
r1_craft,B1-edge,adasind_034080.jpg,L7,na,SPURIOUS,E5_unresolved,P2,qa,R01,"L7 ThreeWheeler (333,1065,370,1106) cao 41 px, đúng ngưỡng H; đuôi auto xám đọc được. R và M không có box.",keep_with_reason,v1.0.0,Ca ngưỡng: lệch 2 px đổi phạm vi. Cần đo lại trên ảnh gốc bởi người thứ hai.
r3_diag,B1-edge,adasind_001320.jpg,L1+R6,LR_noM,MISSING,E4_model_domain,P2,ai_team,R04,"L1+R6 auto vàng cắt biên trái; model có M6 Truck (0,831,83,1017) cùng vị trí nhưng sai class. Model gọi auto/e-rickshaw là Truck/Car/Bus ở ít nhất 8 ca trong C0 và slice (C0 M7,M8; 001320 M5,M6; 014670 M3,M6,M7; 034080 M10,M11).",keep_with_reason,v1.0.0,Nhãn L/R khớp; lỗi thuộc model.
r3_diag,B1-edge,adasind_001320.jpg,L6+R3,LR_noM,MISSING,E4_model_domain,P2,ai_team,R04,"L6+R3 e-rickshaw đỏ; model M5 Truck (89,806,185,939). Model gọi auto/e-rickshaw là Truck/Car/Bus ở ít nhất 8 ca trong C0 và slice (C0 M7,M8; 001320 M5,M6; 014670 M3,M6,M7; 034080 M10,M11).",keep_with_reason,v1.0.0,Nhãn L/R khớp; lỗi thuộc model.
r3_diag,B1-edge,adasind_001320.jpg,L3+R5,LR_noM,MISSING,E4_model_domain,P2,ai_team,R04,"L3+R5 tuk-tuk giữa đường (236,844,278,919), cao 75 px; model không có box nào ở vị trí này.",keep_with_reason,v1.0.0,"Model bỏ sót ThreeWheeler nhỏ ở mid; một ca, dùng chung giả thuyết lớp ThreeWheeler hiếm trong dữ liệu huấn luyện."
r3_diag,B1-edge,adasind_001320.jpg,L4,L_only,SPURIOUS,E2_guideline_gap,P1,guideline,R01,"L4 Car (221,838,240,884): mảnh xe trắng rộng 19 px, cao 46 px, bị tuk-tuk L3 che gần hết; R và M không có.",escalate,v1.0.0,"Trả lời QA r2_qa L4: R01 chỉ nói chiều cao, không nói phần nhìn thấy tối thiểu → escalate cho guideline (ticket 1, patch v1.1.0). Chưa xóa box trước khi có luật."
r3_diag,B1-edge,adasind_001320.jpg,M3,M_only,SPURIOUS,E4_model_domain,P1,ai_team,R03,"M3 Pedestrian (450,845,525,974) chồng lên người lái scooter L7 Bike; model tách rider thành Pedestrian + Bike (M4). Cùng mẫu ở 034080 M8/M12 + M9 và C0 M2, M5.",escalate,v1.0.0,Rider rule R03 khác quy ước model (person + motorcycle). Escalate cho ai_team (ticket 2).
r3_diag,B1-edge,adasind_001320.jpg,M5,M_only,SPURIOUS,E4_model_domain,P2,ai_team,R04,"M5 Truck (89,806,185,939) trùng e-rickshaw L6/R3. Model gọi auto/e-rickshaw là Truck/Car/Bus ở ít nhất 8 ca trong C0 và slice (C0 M7,M8; 001320 M5,M6; 014670 M3,M6,M7; 034080 M10,M11).",keep_with_reason,v1.0.0,
r3_diag,B1-edge,adasind_001320.jpg,M6,M_only,SPURIOUS,E4_model_domain,P2,ai_team,R04,"M6 Truck (0,831,83,1017) trùng auto vàng L1/R6. Model gọi auto/e-rickshaw là Truck/Car/Bus ở ít nhất 8 ca trong C0 và slice (C0 M7,M8; 001320 M5,M6; 014670 M3,M6,M7; 034080 M10,M11).",keep_with_reason,v1.0.0,
r3_diag,B1-edge,adasind_014670.jpg,L3+R3,LR_noM,MISSING,E4_model_domain,P2,ai_team,R04,"L3+R3 auto vàng lớn (63,908,245,1142); model M6 Truck (58,910,248,1144). Model gọi auto/e-rickshaw là Truck/Car/Bus ở ít nhất 8 ca trong C0 và slice (C0 M7,M8; 001320 M5,M6; 014670 M3,M6,M7; 034080 M10,M11).",keep_with_reason,v1.0.0,
r3_diag,B1-edge,adasind_014670.jpg,L1,L_only,SPURIOUS,E0_reference_defect,P1,qa,R01,"L1 auto xa (359,952,397,999) cao 47 px; M7 cùng vị trí (Truck); R không có.",keep_with_reason,v1.0.0,Giống dòng r1_craft L1; giữ nhãn.
r3_diag,B1-edge,adasind_014670.jpg,L5,L_only,SPURIOUS,E1_annotator_error,P1,annotator,R04,"L5 (0,925,70,1095) ThreeWheeler: thực tế là xe tải có thành thùng nan xám ở y≈845–935; R5 Truck (0,845,70,1100), M3 Bus.",rework,v1.0.0,"Trả lời QA r2_qa L5: đồng ý nghi ngờ class, sửa ở rework."
r3_diag,B1-edge,adasind_014670.jpg,R5,R_only,MISSING,E1_annotator_error,P1,annotator,R04,"R5 Truck (0,845,70,1100) bị tính MISSING vì L5 sai class và thiếu phần thùng phía trên.",rework,v1.0.0,Cùng vật với L5.
r3_diag,B1-edge,adasind_014670.jpg,M3,M_only,SPURIOUS,E4_model_domain,P2,ai_team,R04,"M3 Bus (0,825,81,1089) ở xe tải cắt biên trái; ba nguồn ba class (L ThreeWheeler, R Truck, M Bus) — vật bị khung cắt chỉ còn ~70 px bề ngang.",keep_with_reason,v1.0.0,Vật cắt biên thiếu ngữ cảnh; model cũng lúng túng.
r3_diag,B1-edge,adasind_014670.jpg,M6,M_only,SPURIOUS,E4_model_domain,P2,ai_team,R04,"M6 Truck (58,910,248,1144) ở auto vàng L3/R3. Model gọi auto/e-rickshaw là Truck/Car/Bus ở ít nhất 8 ca trong C0 và slice (C0 M7,M8; 001320 M5,M6; 014670 M3,M6,M7; 034080 M10,M11).",keep_with_reason,v1.0.0,
r3_diag,B1-edge,adasind_014670.jpg,M7,M_only,SPURIOUS,E4_model_domain,P2,ai_team,R04,"M7 Truck (359,953,398,1002) ở auto xa L1. Model gọi auto/e-rickshaw là Truck/Car/Bus ở ít nhất 8 ca trong C0 và slice (C0 M7,M8; 001320 M5,M6; 014670 M3,M6,M7; 034080 M10,M11).",keep_with_reason,v1.0.0,
r3_diag,B1-edge,adasind_034080.jpg,L5+R7,LR_noM,MISSING,E4_model_domain,P2,ai_team,R04,"L5+R7 auto đen–vàng trung tâm; model M10 Car (376,1031,519,1200). Model gọi auto/e-rickshaw là Truck/Car/Bus ở ít nhất 8 ca trong C0 và slice (C0 M7,M8; 001320 M5,M6; 014670 M3,M6,M7; 034080 M10,M11).",keep_with_reason,v1.0.0,
r3_diag,B1-edge,adasind_034080.jpg,L8+R9,LR_noM,MISSING,E4_model_domain,P2,ai_team,R04,"L8+R9 vật tối occluded (259,1055,299,1097); model M11 Car (239,1032,299,1097).",keep_with_reason,v1.0.0,Trả lời QA r2_qa L8: R cũng box ThreeWheeler cùng chỗ (R9) nên giữ nhãn; class vẫn khó đọc vì bị che.
r3_diag,B1-edge,adasind_034080.jpg,L3+R5,LR_noM,MISSING,E4_model_domain,P2,ai_team,R03,"L3+R5 xe máy chở hai người; model tách thành M8/M12 Pedestrian + M9 Bike (160,1135,250,1299).",keep_with_reason,v1.0.0,Cùng mẫu tách rider như 001320 M3.
r3_diag,B1-edge,adasind_034080.jpg,L4+R8,LR_noM,MISSING,E4_model_domain,P2,ai_team,R03,"L4+R8 người áo trắng ngồi trên xe phía sau; model M7 Pedestrian (131,1015,178,1111).",keep_with_reason,v1.0.0,Trả lời QA r2_qa L4: R8 cũng là Bike ở cùng vị trí (IoU 0.70) nên giữ Bike; model gọi Pedestrian vì không thấy xe.
r3_diag,B1-edge,adasind_034080.jpg,L1,L_only,SPURIOUS,E5_unresolved,P2,qa,R04,"L1 ThreeWheeler occluded (98,1036,141,1115); R, M không có.",keep_with_reason,v1.0.0,Trả lời QA r2_qa L1: chưa đủ bằng chứng để giữ class hay xóa; cần người soát thứ hai.
r3_diag,B1-edge,adasind_034080.jpg,L7,L_only,SPURIOUS,E5_unresolved,P2,qa,R01,"L7 ThreeWheeler (333,1065,370,1106) cao 41 px — ngưỡng H.",keep_with_reason,v1.0.0,"Ca ngưỡng, đo lại."
r3_diag,B1-edge,adasind_034080.jpg,M7,M_only,SPURIOUS,E4_model_domain,P2,ai_team,R03,"M7 Pedestrian (131,1015,178,1111) ở người áo trắng — L4/R8 là Bike.",keep_with_reason,v1.0.0,
r3_diag,B1-edge,adasind_034080.jpg,M8,M_only,SPURIOUS,E4_model_domain,P2,ai_team,R03,"M8 Pedestrian (114,999,278,1237) — người lái của Bike L3/R5.",keep_with_reason,v1.0.0,
r3_diag,B1-edge,adasind_034080.jpg,M9,M_only,SPURIOUS,E4_model_domain,P2,ai_team,R03,"M9 Bike (160,1135,250,1299) — chỉ phần xe của Bike L3/R5, IoU với R5 thấp.",keep_with_reason,v1.0.0,
r3_diag,B1-edge,adasind_034080.jpg,M10,M_only,SPURIOUS,E4_model_domain,P2,ai_team,R04,"M10 Car (376,1031,519,1200) — auto L5/R7. Model gọi auto/e-rickshaw là Truck/Car/Bus ở ít nhất 8 ca trong C0 và slice (C0 M7,M8; 001320 M5,M6; 014670 M3,M6,M7; 034080 M10,M11).",keep_with_reason,v1.0.0,
r3_diag,B1-edge,adasind_034080.jpg,M11,M_only,SPURIOUS,E4_model_domain,P2,ai_team,R04,"M11 Car (239,1032,299,1097) — vật occluded L8/R9 (ThreeWheeler).",keep_with_reason,v1.0.0,
r3_diag,B1-edge,adasind_034080.jpg,M12,M_only,SPURIOUS,E4_model_domain,P2,ai_team,R03,"M12 Pedestrian (168,998,276,1235) — người ngồi sau trên Bike L3/R5; trùng một phần M8.",keep_with_reason,v1.0.0,
r3_diag,B1-edge,adasind_034080.jpg,L3+R5,LR_noM,BOX_GEOMETRY,E1_annotator_error,P1,annotator,R02,"Cạnh dưới L3 Bike ở y=1246 nhưng lốp xe chạm đất ở y≈1295–1300, ngay dưới vùng làm mờ biển số (≈1160–1285); R5 (116,1005,270,1300).",rework,v1.0.0,Trả lời QA r2_qa L3: đúng là box ngắn; sửa cạnh dưới về 1300 ở rework.
r3_diag,B1-edge,adasind_034080.jpg,L6+R2,LRM,BOX_GEOMETRY,E1_annotator_error,P1,annotator,R02,"L6 Car (505,1070,571,1150) lấy cả mái auto phía trên và hụt bên phải; xe trắng thấy từ x≈507–586, y≈1088–1153. R2 (509,1090,587,1154), IoU 0.568.",rework,v1.0.0,Sửa box ở rework.
r3_diag,B1-edge,adasind_034080.jpg,L9+R6,LRM,ATTRIBUTE,E5_unresolved,P2,qa,R11,"L9 Car xanh occluded=true (người đi bộ L10 đứng trước đầu xe), R6 occluded=false. local_quality báo mismatching_attributes.",keep_with_reason,v1.0.0,R11: occluded không so với reference; giữ vì người L10 che rõ phần đầu xe.
